{"cameraMode":{"drawMode":0,"name":"Shaded","section":"Shading Mode"},"sceneLighting":true,"audioPlay":false,"sceneViewState":{"showFog":true,"showMaterialUpdate":true,"showSkybox":true,"showFlares":true,"showImageEffects":true,"showParticleSystems":true},"in2DMode":false,"pivot":{"x":-9.213921546936036,"y":2.780689001083374,"z":-6.403378963470459},"rotation":{"x":0.21387526392936707,"y":0.5602335333824158,"z":-0.15252457559108735,"w":0.785578191280365},"size":3.402618408203125,"orthographic":false}